PRAGMA foreign_keys=OFF;
BEGIN TRANSACTION;
CREATE TABLE IF NOT EXISTS "django_migrations" ("id" integer NOT NULL PRIMARY KEY AUTOINCREMENT, "app" varchar(255) NOT NULL, "name" varchar(255) NOT NULL, "applied" datetime NOT NULL);
INSERT INTO django_migrations VALUES(1,'contenttypes','0001_initial','2025-12-05 09:08:26.767813');
INSERT INTO django_migrations VALUES(2,'auth','0001_initial','2025-12-05 09:08:26.775746');
INSERT INTO django_migrations VALUES(3,'admin','0001_initial','2025-12-05 09:08:26.780440');
INSERT INTO django_migrations VALUES(4,'admin','0002_logentry_remove_auto_add','2025-12-05 09:08:26.786259');
INSERT INTO django_migrations VALUES(5,'admin','0003_logentry_add_action_flag_choices','2025-12-05 09:08:26.790322');
INSERT INTO django_migrations VALUES(6,'contenttypes','0002_remove_content_type_name','2025-12-05 09:08:26.799083');
INSERT INTO django_migrations VALUES(7,'auth','0002_alter_permission_name_max_length','2025-12-05 09:08:26.804964');
INSERT INTO django_migrations VALUES(8,'auth','0003_alter_user_email_max_length','2025-12-05 09:08:26.810686');
INSERT INTO django_migrations VALUES(9,'auth','0004_alter_user_username_opts','2025-12-05 09:08:26.814519');
INSERT INTO django_migrations VALUES(10,'auth','0005_alter_user_last_login_null','2025-12-05 09:08:26.819662');
INSERT INTO django_migrations VALUES(11,'auth','0006_require_contenttypes_0002','2025-12-05 09:08:26.820398');
INSERT INTO django_migrations VALUES(12,'auth','0007_alter_validators_add_error_messages','2025-12-05 09:08:26.824382');
INSERT INTO django_migrations VALUES(13,'auth','0008_alter_user_username_max_length','2025-12-05 09:08:26.829531');
INSERT INTO django_migrations VALUES(14,'auth','0009_alter_user_last_name_max_length','2025-12-05 09:08:26.834960');
INSERT INTO django_migrations VALUES(15,'auth','0010_alter_group_name_max_length','2025-12-05 09:08:26.840019');
INSERT INTO django_migrations VALUES(16,'auth','0011_update_proxy_permissions','2025-12-05 09:08:26.843170');
INSERT INTO django_migrations VALUES(17,'auth','0012_alter_user_first_name_max_length','2025-12-05 09:08:26.848237');
INSERT INTO django_migrations VALUES(18,'bot','0001_initial','2025-12-05 09:08:26.852352');
INSERT INTO django_migrations VALUES(19,'sessions','0001_initial','2025-12-05 09:08:26.854193');
CREATE TABLE IF NOT EXISTS "auth_group_permissions" ("id" integer NOT NULL PRIMARY KEY AUTOINCREMENT, "group_id" integer NOT NULL REFERENCES "auth_group" ("id") DEFERRABLE INITIALLY DEFERRED, "permission_id" integer NOT NULL REFERENCES "auth_permission" ("id") DEFERRABLE INITIALLY DEFERRED);
CREATE TABLE IF NOT EXISTS "auth_user_groups" ("id" integer NOT NULL PRIMARY KEY AUTOINCREMENT, "user_id" integer NOT NULL REFERENCES "auth_user" ("id") DEFERRABLE INITIALLY DEFERRED, "group_id" integer NOT NULL REFERENCES "auth_group" ("id") DEFERRABLE INITIALLY DEFERRED);
CREATE TABLE IF NOT EXISTS "auth_user_user_permissions" ("id" integer NOT NULL PRIMARY KEY AUTOINCREMENT, "user_id" integer NOT NULL REFERENCES "auth_user" ("id") DEFERRABLE INITIALLY DEFERRED, "permission_id" integer NOT NULL REFERENCES "auth_permission" ("id") DEFERRABLE INITIALLY DEFERRED);
CREATE TABLE IF NOT EXISTS "django_admin_log" ("id" integer NOT NULL PRIMARY KEY AUTOINCREMENT, "object_id" text NULL, "object_repr" varchar(200) NOT NULL, "action_flag" smallint unsigned NOT NULL CHECK ("action_flag" >= 0), "change_message" text NOT NULL, "content_type_id" integer NULL REFERENCES "django_content_type" ("id") DEFERRABLE INITIALLY DEFERRED, "user_id" integer NOT NULL REFERENCES "auth_user" ("id") DEFERRABLE INITIALLY DEFERRED, "action_time" datetime NOT NULL);
INSERT INTO django_admin_log VALUES(1,'1','Азбука (TTQ5241700124)',1,'[{"added": {}}]',8,1,'2025-12-05 10:11:11.033098');
INSERT INTO django_admin_log VALUES(2,'1','Азбука (TTQ5241700124)',2,'[{"changed": {"fields": ["\u041e\u0442\u0441\u043b\u0435\u0436\u0438\u0432\u0430\u0442\u044c \u0442\u0435\u0440\u043c\u0438\u043d\u0430\u043b"]}}]',8,1,'2025-12-05 10:21:30.996913');
INSERT INTO django_admin_log VALUES(3,'1','Маренцов Лев (316)',1,'[{"added": {}}]',7,1,'2025-12-05 10:29:11.686162');
INSERT INTO django_admin_log VALUES(4,'1','Маренцов Лев (317)',2,'[{"changed": {"fields": ["ID \u0441\u043e\u0442\u0440\u0443\u0434\u043d\u0438\u043a\u0430", "\u041a\u043e\u0434 \u0441\u043e\u0442\u0440\u0443\u0434\u043d\u0438\u043a\u0430"]}}]',7,1,'2025-12-05 10:33:23.550063');
INSERT INTO django_admin_log VALUES(5,'2','Хачатурян Владимир (333)',1,'[{"added": {}}]',7,1,'2025-12-05 10:40:02.619528');
INSERT INTO django_admin_log VALUES(6,'2','Хачатурян Владимир (333)',2,'[]',7,1,'2025-12-06 15:55:34.126880');
INSERT INTO django_admin_log VALUES(7,'3','Виктор Татрников (342)',1,'[{"added": {}}]',7,1,'2025-12-08 05:57:15.475697');
INSERT INTO django_admin_log VALUES(8,'3','Виктор Татрников (342)',2,'[{"changed": {"fields": ["\u041e\u0442\u043f\u0440\u0430\u0432\u043b\u044f\u0442\u044c \u0443\u0432\u0435\u0434\u043e\u043c\u043b\u0435\u043d\u0438\u044f"]}}]',7,1,'2025-12-08 10:32:05.747085');
INSERT INTO django_admin_log VALUES(9,'1','Маренцов Лев (317)',2,'[]',7,1,'2025-12-08 10:57:22.765387');
INSERT INTO django_admin_log VALUES(10,'1','Азбука (TTQ5241700124)',2,'[{"changed": {"fields": ["\u041e\u0442\u0441\u043b\u0435\u0436\u0438\u0432\u0430\u0442\u044c \u0442\u0435\u0440\u043c\u0438\u043d\u0430\u043b"]}}]',8,1,'2025-12-08 11:08:15.012867');
INSERT INTO django_admin_log VALUES(11,'2','Хачатурян Владимир (333)',2,'[{"changed": {"fields": ["Telegram username"]}}]',7,1,'2025-12-08 11:29:33.165435');
INSERT INTO django_admin_log VALUES(12,'3','Виктор Татрников (342)',2,'[{"changed": {"fields": ["Telegram username"]}}]',7,1,'2025-12-08 12:54:55.675903');
INSERT INTO django_admin_log VALUES(13,'3','Виктор Татрников (342)',2,'[]',7,1,'2025-12-08 12:57:24.016982');
INSERT INTO django_admin_log VALUES(14,'3','Виктор Татрников (342)',2,'[{"changed": {"fields": ["\u041e\u0442\u043f\u0440\u0430\u0432\u043b\u044f\u0442\u044c \u0443\u0432\u0435\u0434\u043e\u043c\u043b\u0435\u043d\u0438\u044f"]}}]',7,1,'2025-12-08 12:58:23.002232');
INSERT INTO django_admin_log VALUES(15,'3','Виктор Татрников (342)',2,'[{"changed": {"fields": ["\u041e\u0442\u043f\u0440\u0430\u0432\u043b\u044f\u0442\u044c \u0443\u0432\u0435\u0434\u043e\u043c\u043b\u0435\u043d\u0438\u044f"]}}]',7,1,'2025-12-08 12:58:25.248292');
CREATE TABLE IF NOT EXISTS "django_content_type" ("id" integer NOT NULL PRIMARY KEY AUTOINCREMENT, "app_label" varchar(100) NOT NULL, "model" varchar(100) NOT NULL);
INSERT INTO django_content_type VALUES(1,'admin','logentry');
INSERT INTO django_content_type VALUES(2,'auth','group');
INSERT INTO django_content_type VALUES(3,'auth','permission');
INSERT INTO django_content_type VALUES(4,'auth','user');
INSERT INTO django_content_type VALUES(5,'contenttypes','contenttype');
INSERT INTO django_content_type VALUES(6,'sessions','session');
INSERT INTO django_content_type VALUES(7,'bot','employee');
INSERT INTO django_content_type VALUES(8,'bot','terminal');
INSERT INTO django_content_type VALUES(9,'bot','transaction');
CREATE TABLE IF NOT EXISTS "auth_permission" ("id" integer NOT NULL PRIMARY KEY AUTOINCREMENT, "content_type_id" integer NOT NULL REFERENCES "django_content_type" ("id") DEFERRABLE INITIALLY DEFERRED, "codename" varchar(100) NOT NULL, "name" varchar(255) NOT NULL);
INSERT INTO auth_permission VALUES(1,1,'add_logentry','Can add log entry');
INSERT INTO auth_permission VALUES(2,1,'change_logentry','Can change log entry');
INSERT INTO auth_permission VALUES(3,1,'delete_logentry','Can delete log entry');
INSERT INTO auth_permission VALUES(4,1,'view_logentry','Can view log entry');
INSERT INTO auth_permission VALUES(5,3,'add_permission','Can add permission');
INSERT INTO auth_permission VALUES(6,3,'change_permission','Can change permission');
INSERT INTO auth_permission VALUES(7,3,'delete_permission','Can delete permission');
INSERT INTO auth_permission VALUES(8,3,'view_permission','Can view permission');
INSERT INTO auth_permission VALUES(9,2,'add_group','Can add group');
INSERT INTO auth_permission VALUES(10,2,'change_group','Can change group');
INSERT INTO auth_permission VALUES(11,2,'delete_group','Can delete group');
INSERT INTO auth_permission VALUES(12,2,'view_group','Can view group');
INSERT INTO auth_permission VALUES(13,4,'add_user','Can add user');
INSERT INTO auth_permission VALUES(14,4,'change_user','Can change user');
INSERT INTO auth_permission VALUES(15,4,'delete_user','Can delete user');
INSERT INTO auth_permission VALUES(16,4,'view_user','Can view user');
INSERT INTO auth_permission VALUES(17,5,'add_contenttype','Can add content type');
INSERT INTO auth_permission VALUES(18,5,'change_contenttype','Can change content type');
INSERT INTO auth_permission VALUES(19,5,'delete_contenttype','Can delete content type');
INSERT INTO auth_permission VALUES(20,5,'view_contenttype','Can view content type');
INSERT INTO auth_permission VALUES(21,6,'add_session','Can add session');
INSERT INTO auth_permission VALUES(22,6,'change_session','Can change session');
INSERT INTO auth_permission VALUES(23,6,'delete_session','Can delete session');
INSERT INTO auth_permission VALUES(24,6,'view_session','Can view session');
INSERT INTO auth_permission VALUES(25,7,'add_employee','Can add Сотрудник');
INSERT INTO auth_permission VALUES(26,7,'change_employee','Can change Сотрудник');
INSERT INTO auth_permission VALUES(27,7,'delete_employee','Can delete Сотрудник');
INSERT INTO auth_permission VALUES(28,7,'view_employee','Can view Сотрудник');
INSERT INTO auth_permission VALUES(29,8,'add_terminal','Can add Терминал');
INSERT INTO auth_permission VALUES(30,8,'change_terminal','Can change Терминал');
INSERT INTO auth_permission VALUES(31,8,'delete_terminal','Can delete Терминал');
INSERT INTO auth_permission VALUES(32,8,'view_terminal','Can view Терминал');
INSERT INTO auth_permission VALUES(33,9,'add_transaction','Can add Запись прохода');
INSERT INTO auth_permission VALUES(34,9,'change_transaction','Can change Запись прохода');
INSERT INTO auth_permission VALUES(35,9,'delete_transaction','Can delete Запись прохода');
INSERT INTO auth_permission VALUES(36,9,'view_transaction','Can view Запись прохода');
CREATE TABLE IF NOT EXISTS "auth_group" ("id" integer NOT NULL PRIMARY KEY AUTOINCREMENT, "name" varchar(150) NOT NULL UNIQUE);
CREATE TABLE IF NOT EXISTS "auth_user" ("id" integer NOT NULL PRIMARY KEY AUTOINCREMENT, "password" varchar(128) NOT NULL, "last_login" datetime NULL, "is_superuser" bool NOT NULL, "username" varchar(150) NOT NULL UNIQUE, "last_name" varchar(150) NOT NULL, "email" varchar(254) NOT NULL, "is_staff" bool NOT NULL, "is_active" bool NOT NULL, "date_joined" datetime NOT NULL, "first_name" varchar(150) NOT NULL);
INSERT INTO auth_user VALUES(1,'pbkdf2_sha256$1200000$QnpzDENlXkKChp3XNoeVVe$EmReA0U4outkADmWsxUVH4aWCAeePIzqfNsaMrHfVKY=','2025-12-05 10:10:42.742446',1,'admin','','',1,1,'2025-12-05 09:08:51.465533','');
CREATE TABLE IF NOT EXISTS "bot_employee" ("id" integer NOT NULL PRIMARY KEY AUTOINCREMENT, "emp_id" integer NOT NULL UNIQUE, "emp_code" varchar(20) NOT NULL, "name" varchar(200) NOT NULL, "telegram_id" bigint NULL, "telegram_username" varchar(100) NOT NULL, "send_notifications" bool NOT NULL, "created_at" datetime NOT NULL);
INSERT INTO bot_employee VALUES(1,316,'317','Маренцов Лев',7641845814,'marentsov',1,'2025-12-05 10:29:11.685511');
INSERT INTO bot_employee VALUES(2,332,'333','Хачатурян Владимир',632303581,'grafvoldemar',1,'2025-12-05 10:40:02.618890');
INSERT INTO bot_employee VALUES(3,341,'342','Виктор Татрников',71364922,'MaxOnNet',1,'2025-12-08 05:57:15.474564');
CREATE TABLE IF NOT EXISTS "bot_terminal" ("id" integer NOT NULL PRIMARY KEY AUTOINCREMENT, "terminal_id" integer NOT NULL UNIQUE, "terminal_sn" varchar(50) NOT NULL, "terminal_alias" varchar(200) NOT NULL, "area_alias" varchar(200) NOT NULL, "is_monitored" bool NOT NULL);
INSERT INTO bot_terminal VALUES(1,4,'TTQ5241700124','Азбука','Азбука',1);
CREATE TABLE IF NOT EXISTS "bot_transaction" ("id" integer NOT NULL PRIMARY KEY AUTOINCREMENT, "skud_id" integer NOT NULL UNIQUE, "punch_time" datetime NOT NULL, "punch_state" varchar(5) NOT NULL, "verify_type" integer NOT NULL, "created_at" datetime NOT NULL, "employee_id" bigint NOT NULL REFERENCES "bot_employee" ("id") DEFERRABLE INITIALLY DEFERRED, "terminal_id" bigint NOT NULL REFERENCES "bot_terminal" ("id") DEFERRABLE INITIALLY DEFERRED);
INSERT INTO bot_transaction VALUES(1,67806,'2025-12-05 15:06:35','1',1,'2025-12-05 15:06:43.111727',1,1);
INSERT INTO bot_transaction VALUES(2,67807,'2025-12-05 15:06:43','1',15,'2025-12-05 15:06:53.226925',2,1);
INSERT INTO bot_transaction VALUES(3,68689,'2025-12-08 05:34:21','0',15,'2025-12-08 05:34:32.635393',2,1);
INSERT INTO bot_transaction VALUES(4,68799,'2025-12-08 10:39:47','1',1,'2025-12-08 10:39:55.444155',1,1);
INSERT INTO bot_transaction VALUES(5,68800,'2025-12-08 11:02:29','0',1,'2025-12-08 11:02:38.229841',1,1);
INSERT INTO bot_transaction VALUES(6,68803,'2025-12-08 11:12:48','0',1,'2025-12-08 11:13:05.101585',1,1);
INSERT INTO bot_transaction VALUES(7,68804,'2025-12-08 11:25:41','0',1,'2025-12-08 11:25:57.752174',1,1);
INSERT INTO bot_transaction VALUES(8,68805,'2025-12-08 11:36:05','1',1,'2025-12-08 11:36:25.990452',3,1);
INSERT INTO bot_transaction VALUES(9,68812,'2025-12-08 12:56:36','0',1,'2025-12-08 12:56:52.519429',3,1);
INSERT INTO bot_transaction VALUES(10,68831,'2025-12-08 14:13:43','1',1,'2025-12-08 14:13:58.764978',3,1);
INSERT INTO bot_transaction VALUES(11,68832,'2025-12-08 14:14:06','0',1,'2025-12-08 14:14:19.824060',3,1);
INSERT INTO bot_transaction VALUES(12,68912,'2025-12-08 15:07:21','0',1,'2025-12-08 15:07:38.398916',1,1);
INSERT INTO bot_transaction VALUES(13,68915,'2025-12-08 15:09:28','1',1,'2025-12-08 15:09:42.232030',1,1);
INSERT INTO bot_transaction VALUES(14,69002,'2025-12-08 16:10:06','1',1,'2025-12-08 16:10:22.189165',3,1);
INSERT INTO bot_transaction VALUES(15,69212,'2025-12-09 05:36:49','0',1,'2025-12-09 05:37:15.847933',1,1);
INSERT INTO bot_transaction VALUES(16,69223,'2025-12-09 05:41:50','0',15,'2025-12-09 05:42:05.842957',2,1);
INSERT INTO bot_transaction VALUES(17,69318,'2025-12-09 10:19:44','0',1,'2025-12-09 10:20:04.121332',3,1);
INSERT INTO bot_transaction VALUES(18,69429,'2025-12-09 15:06:09','1',1,'2025-12-09 15:06:21.389521',1,1);
INSERT INTO bot_transaction VALUES(19,69814,'2025-12-10 10:30:26','0',1,'2025-12-10 10:30:46.985094',3,1);
INSERT INTO bot_transaction VALUES(20,69912,'2025-12-10 14:59:54','1',1,'2025-12-10 15:00:07.567262',3,1);
CREATE TABLE IF NOT EXISTS "django_session" ("session_key" varchar(40) NOT NULL PRIMARY KEY, "session_data" text NOT NULL, "expire_date" datetime NOT NULL);
INSERT INTO django_session VALUES('u2vfmnaq9bj2anuudaw2daknnx53sp1b','.eJxVjDsOwjAQBe_iGln-reNQ0nMGa3dt4wBypDipEHeHSCmgfTPzXiLitta49bzEKYmz0OL0uxHyI7cdpDu22yx5busykdwVedAur3PKz8vh_h1U7PVbB2czBwKCgk5pTDzoklXSbKwnUMimuOx4pKGwB6s8Gu9HLEQ2ACjx_gD9NThO:1vRRoP:11HtuJAmyoD0WkfI8kAjgbLco95HsKPP5FZbXgeIdwQ','2025-12-19 09:09:13.885619');
INSERT INTO django_session VALUES('nhunpq09srnarl0rm5iytza86jqfaase','.eJxVjDsOwjAQBe_iGln-reNQ0nMGa3dt4wBypDipEHeHSCmgfTPzXiLitta49bzEKYmz0OL0uxHyI7cdpDu22yx5busykdwVedAur3PKz8vh_h1U7PVbB2czBwKCgk5pTDzoklXSbKwnUMimuOx4pKGwB6s8Gu9HLEQ2ACjx_gD9NThO:1vRSlu:sVaslwBA0duaFJUP4eodBAYZgRAP9qgGurd1AXqb0RA','2025-12-19 10:10:42.743182');
DELETE FROM sqlite_sequence;
INSERT INTO sqlite_sequence VALUES('django_migrations',19);
INSERT INTO sqlite_sequence VALUES('django_admin_log',15);
INSERT INTO sqlite_sequence VALUES('django_content_type',9);
INSERT INTO sqlite_sequence VALUES('auth_permission',36);
INSERT INTO sqlite_sequence VALUES('auth_group',0);
INSERT INTO sqlite_sequence VALUES('auth_user',1);
INSERT INTO sqlite_sequence VALUES('bot_terminal',1);
INSERT INTO sqlite_sequence VALUES('bot_employee',3);
INSERT INTO sqlite_sequence VALUES('bot_transaction',20);
CREATE UNIQUE INDEX "auth_group_permissions_group_id_permission_id_0cd325b0_uniq" ON "auth_group_permissions" ("group_id", "permission_id");
CREATE INDEX "auth_group_permissions_group_id_b120cbf9" ON "auth_group_permissions" ("group_id");
CREATE INDEX "auth_group_permissions_permission_id_84c5c92e" ON "auth_group_permissions" ("permission_id");
CREATE UNIQUE INDEX "auth_user_groups_user_id_group_id_94350c0c_uniq" ON "auth_user_groups" ("user_id", "group_id");
CREATE INDEX "auth_user_groups_user_id_6a12ed8b" ON "auth_user_groups" ("user_id");
CREATE INDEX "auth_user_groups_group_id_97559544" ON "auth_user_groups" ("group_id");
CREATE UNIQUE INDEX "auth_user_user_permissions_user_id_permission_id_14a6b632_uniq" ON "auth_user_user_permissions" ("user_id", "permission_id");
CREATE INDEX "auth_user_user_permissions_user_id_a95ead1b" ON "auth_user_user_permissions" ("user_id");
CREATE INDEX "auth_user_user_permissions_permission_id_1fbb5f2c" ON "auth_user_user_permissions" ("permission_id");
CREATE INDEX "django_admin_log_content_type_id_c4bce8eb" ON "django_admin_log" ("content_type_id");
CREATE INDEX "django_admin_log_user_id_c564eba6" ON "django_admin_log" ("user_id");
CREATE UNIQUE INDEX "django_content_type_app_label_model_76bd3d3b_uniq" ON "django_content_type" ("app_label", "model");
CREATE UNIQUE INDEX "auth_permission_content_type_id_codename_01ab375a_uniq" ON "auth_permission" ("content_type_id", "codename");
CREATE INDEX "auth_permission_content_type_id_2f476e4b" ON "auth_permission" ("content_type_id");
CREATE INDEX "bot_transaction_employee_id_3203cd37" ON "bot_transaction" ("employee_id");
CREATE INDEX "bot_transaction_terminal_id_ffcac0de" ON "bot_transaction" ("terminal_id");
CREATE INDEX "django_session_expire_date_a5c62663" ON "django_session" ("expire_date");
COMMIT;
